{
  "$schema": "https://schema.management.azure.com/schemas/0.1.2-preview/CreateUIDefinition.MultiVm.json#",
  "handler": "Microsoft.Azure.CreateUIDef",
  "version": "0.1.2-preview",
  "parameters": {
    "resourceTypes": [
      "microsoft.resources/resourcegroups"
    ],
    "basics": [
      {
        "name": "sites_BETemplate_name",
        "type": "Microsoft.Common.TextBox",
        "label": "Site Name",
        "subLabel": "The name of the site. Will become sitename.azurewebsites.net",
        "toolTip": "Letters, digits, and hyphens allowed. Mixed case is OK; storage name will be derived in lowercase.",
        "constraints": {
          "required": true,
          "regex": "^[A-Za-z0-9-]{3,60}$",
          "validationMessage": "Use 3\u201360 characters: letters, digits, or hyphens."
        },
        "visible": true
      },
      {
        "name": "serverfarms_BETemplatePlan_name",
        "type": "Microsoft.Common.TextBox",
        "label": "Server Plan Name",
        "subLabel": "The Name for the Server Plan",
        "toolTip": "The Name for the Server Farm Plan",
        "constraints": {
          "required": false,
          "regex": "^[a-zA-Z0-9-]{1,30}$",
          "validationMessage": "Please re-enter a valid server plan name"
        },
        "visible": false
      },
      {
        "name": "managedIdentityName",
        "type": "Microsoft.ManagedIdentity.IdentitySelector",
        "label": "Managed Identity Configuration",
        "toolTip": {
          "systemAssignedIdentity": "Enable system assigned identity to grant the resource access to other existing resources.",
          "userAssignedIdentity": "Add user assigned identities to grant the resource access to other existing resources."
        },
        "defaultValue": {
          "systemAssignedIdentity": "Off"
        },
        "options": {
          "hideSystemAssignedIdentity": true,
          "hideUserAssignedIdentity": false
        },
        "visible": true
      },
      {
        "name": "entraId_Application_ClientName",
        "type": "Microsoft.Common.TextBox",
        "label": "EntraId Application Client Name",
        "subLabel": "The name of the new client application in EntraId",
        "toolTip": "The name of the World of Workflows Client Entra Id Application",
        "constraints": {
          "required": false,
          "regex": "^[a-zA-Z0-9]{1,30}$",
          "validationMessage": "Please enter a valid name for the Entra Id Client Application"
        },
        "visible": false
      },
      {
        "name": "entraId_Application_ServerName",
        "type": "Microsoft.Common.TextBox",
        "label": "EntraId Application Server Name",
        "subLabel": "The name of the new server application in EntraId",
        "toolTip": "The name of the World of Workflows Server Entra Id Application",
        "constraints": {
          "required": false,
          "regex": "^[a-zA-Z0-9]{1,30}$",
          "validationMessage": "Please enter a valid name for the EntraId Server Application"
        },
        "visible": false
      },
      {
        "name": "storageAccounts_wowtemplatestorage_name",
        "type": "Microsoft.Common.TextBox",
        "label": "Storage Account",
        "visible": false,
        "toolTip": "Hidden: derived from Site Name in lowercase as <sitename> + 'stg', trimmed to 24 chars.",
        "constraints": {
          "required": true,
          "regex": "^[a-z0-9]{3,24}$",
          "validationMessage": "Derived storage account name must be 3\u201324 lowercase letters or digits."
        }
      }
      
    ],
    "steps": [],
    "outputs": {
      "sites_BETemplate_name": "[basics('sites_BETemplate_name')]",
      "serverfarms_BETemplatePlan_name": "[concat(basics('sites_BETemplate_name'), 'Plan')]",
      "managedIdentityName": "[basics('managedIdentityName')]",
      "storageAccounts_wowtemplatestorage_name": "[toLower(substring(concat(replace(basics('sites_BETemplate_name'), '-', ''), 'stg'), 0, 24))]",
      "entraId_Application_ClientName": "[concat(basics('sites_BETemplate_name'), 'Client')]",
      "entraId_Application_ServerName": "[concat(basics('sites_BETemplate_name'), 'Server')]",
      "location": "[location()]"
    }
  }
}